{
  "project_info": {
    "project_number": "565110445371",
    "firebase_url": "https://manos-solidarias.firebaseio.com",
    "project_id": "manos-solidarias",
    "storage_bucket": "manos-solidarias.appspot.com"
  },
  "client": [
    {
      "client_info": {
        "mobilesdk_app_id": "1:565110445371:android:ec6cc1f7757f2398",
        "android_client_info": {
          "package_name": "com.bove.martin.manossolidarias"
        }
      },
      "oauth_client": [
        {
          "client_id": "565110445371-0l499jr59iqhmp6grkoh5a4carogdjsi.apps.googleusercontent.com",
          "client_type": 1,
          "android_info": {
            "package_name": "com.bove.martin.manossolidarias",
            "certificate_hash": "7be41ce3bb88d7df8d9d9f11406dd44edf5739d3"
          }
        },
        {
          "client_id": "565110445371-pg5a44trh3vh85kf50e2j5ukqe9m69jq.apps.googleusercontent.com",
          "client_type": 3
        },
        {
          "client_id": "565110445371-pg5a44trh3vh85kf50e2j5ukqe9m69jq.apps.googleusercontent.com",
          "client_type": 3
        }
      ],
      "api_key": [
        {
          "current_key": "AIzaSyCISO6B7vIxQH_CWbhPRzs3wtYV0B6ROOI"
        }
      ],
      "services": {
        "analytics_service": {
          "status": 1
        },
        "appinvite_service": {
          "status": 2,
          "other_platform_oauth_client": [
            {
              "client_id": "565110445371-pg5a44trh3vh85kf50e2j5ukqe9m69jq.apps.googleusercontent.com",
              "client_type": 3
            }
          ]
        },
        "ads_service": {
          "status": 2
        }
      }
    }
  ],
  "configuration_version": "1"
}